{
 "auc1_brf": 0.7366669604055451,
 "auc2_lgbm": 0.6706963002815255,
 "z": 1.0911660798105056,
 "p_value": 0.27519981053538034
}