country,n_test,n_pos,auc_roc,auc_pr
Bolivia,682,1,1.0,1.0
Peru,4349,18,0.8044331563149388,0.5094176070616819
Chile,14880,9,0.7239668556997586,0.24144882553276253
Ecuador,229,4,0.61,0.5087336244541485
