{
  "morans_i": 0.2676742098941176,
  "morans_p": 0.002,
  "top100_blanca_hhr_pct": 78.0,
  "top100_dist": 710.0440979003906,
  "nonglof_dist": 2356.814453125,
  "top100_vol": 869843870.3142198,
  "nonglof_vol": 25197.54030459408,
  "top100_depth": 102.7416362393262,
  "nonglof_depth": 4.712022497352796
}